<?xml version="1.0"?>
<!DOCTYPE modification SYSTEM "http://www.simplemachines.org/xml/modification">
<modification xmlns="http://www.simplemachines.org/xml/modification" xmlns:smf="http://www.simplemachines.org/">
<id>Antes:lunarfallmod</id>
<file name="$sourcedir/Load.php">
	<operation>
		<search position="before"><![CDATA[	loadCSSFile('index.css');]]></search>
		<add><![CDATA[
	// Load Lunarfall's Icon CSS (only enabled)
	if (empty($settings['disable_fa_icons']))
		loadCSSFile('font-awesome.css');]]></add>
	</operation>
</file>
<file name="$sourcedir/Subs-Editor.php">
	<operation>
		<search position="replace"><![CDATA[		loadCSSFile('jquery.sceditor.css', array('force_current' => false, 'validate' => true));]]></search>
		<add><![CDATA[		loadJavascriptFile('jquery.sceditor.js');]]></add>
	</operation>
</file>
<file name="$sourcedir/Subs-Menu.php">
	<operation>
		<search position="after"><![CDATA[							$menu_context['sections'][$section_id]['areas'][$area_id]['icon_class'] = $menu_context['current_action'] . '_menu_icon ' . str_replace(array('.png', '.gif'), '', $area['icon']);]]></search>
		<add><![CDATA[							if (file_exists($settings['theme_dir'] . '/css/font-awesome.css') && empty($settings['disable_fa_icons']))
							$menu_context['sections'][$section_id]['areas'][$area_id]['icon_class'] = str_replace(array('.png', '.gif'), '', $area['icon']);
							else
]]></add>
	</operation>
</file>
</modification>