<?xml version="1.0"?>
<!DOCTYPE modification SYSTEM "http://www.simplemachines.org/xml/modification">
<modification xmlns="http://www.simplemachines.org/xml/modification" xmlns:smf="http://www.simplemachines.org/">
<id>Antes:lunarfallmod</id>
<file name="$sourcedir/Load.php">
	<operation>
		<search position="before"><![CDATA[	loadCSSFile('index.css');]]></search>
		<add><![CDATA[
	// Load Lunarfall's Icon CSS (only enabled)
	if (empty($settings['disable_fa_icons']))
		loadCSSFile('font-awesome.css');]]></add>
	</operation>
	<operation>
		<search position="after"><![CDATA[	// script.js and theme.js, always required, so always add them! Makes index.template.php cleaner and all.]]></search>
		<add><![CDATA[	if (empty($settings['disable_fa_icons']))
		loadJavascriptFile('jquery.simplemodal.js');
]]></add>
	</operation>
</file>
<file name="$sourcedir/Subs-Editor.php">
	<operation>
		<search position="replace"><![CDATA[		// This really has some WYSIWYG stuff.
		loadCSSFile('jquery.sceditor.css', array('force_current' => false, 'validate' => true));]]></search>
		<add><![CDATA[		// This really has some WYSIWYG stuff.]]></add>
	</operation>
	<operation>
		<search position="replace"><![CDATA[		loadJavascriptFile('editor.js', array('default_theme' => true), 'smf_editor');
		loadJavascriptFile('jquery.sceditor.js', array('default_theme' => true));]]></search>
		<add><![CDATA[		loadJavascriptFile('editor.js', array('default_theme' => true), 'smf_editor');]]></add>
	</operation>
	<operation>
		<search position="after"><![CDATA[		// JS makes the editor go round]]></search>
		<add><![CDATA[		if (empty($settings['disable_fa_icons']))
		{
			loadCSSFile('jquery.sceditor.css');
			loadJavascriptFile('jquery.sceditor.js');
		}
		else
		{
			loadCSSFile('jquery.sceditor.css', array('force_current' => false, 'validate' => true));
			loadJavascriptFile('jquery.sceditor.js', array('default_theme' => true));
		}
]]></add>
	</operation>
</file>
<file name="$sourcedir/Subs-Menu.php">
	<operation>
		<search position="after"><![CDATA[							$menu_context['sections'][$section_id]['areas'][$area_id]['icon_class'] = str_replace(array('.png', '.gif'), '', $area['icon']);]]></search>
		<add><![CDATA[							if (file_exists($settings['theme_dir'] . '/css/font-awesome.css') && empty($settings['disable_fa_icons']))
							$menu_context['sections'][$section_id]['areas'][$area_id]['icon_class'] = str_replace(array('.png', '.gif'), '', $area['icon']);
							else
]]></add>
	</operation>
</file>
<file name="$sourcedir/Subs.php">
	<operation>
		<search position="after"><![CDATA[	elseif (!empty($settings['use_buttons']))]]></search>
		<add><![CDATA[	elseif (empty($settings['disable_fa_icons']))
		return '<i class="fa fa-'. $name.' fa-lg" title="' . $txt[$alt] . '"></i>';
]]></add>
	</operation>
</file>
</modification>