<?xml version="1.0"?>
<!DOCTYPE package-info SYSTEM "http://www.simplemachines.org/xml/package-info">
<package-info xmlns="http://www.simplemachines.org/xml/package-info" xmlns:smf="http://www.simplemachines.org/">
	<name>Lunarfall Dependencies</name>
	<id>Antes:lunarfallmod</id>
	<version>1.0</version>
	<type>modification</type>
	<install for="2.1.0 - 2.1.99, 2.1 Beta 1">
		<modification>install.xml</modification>
	</install>
	<uninstall for="2.1.0 - 2.1.99, 2.1 Beta 1">
		<modification reverse="true">install.xml</modification>
	</uninstall>
</package-info>